Código,Nombre Institución,Categoría,ID_Municipio,Municipio
1101,UNIVERSIDAD NACIONAL DE COLOMBIA,Universitaria,111,Bogotá D.C.
1105,UNIVERSIDAD PEDAGOGICA NACIONAL,Universitaria,111,Bogotá D.C.
1106,UNIVERSIDAD PEDAGOGICA Y TECNOLOGICA DE COLOMBIA - UPTC,Universitaria,1038,Tunja
1110,UNIVERSIDAD DEL CAUCA,Universitaria,703,Popayán
1111,UNIVERSIDAD TECNOLOGICA DE PEREIRA - UTP,Universitaria,682,Pereira
1112,UNIVERSIDAD DE CALDAS,Universitaria,547,Manizales
1113,UNIVERSIDAD DE CORDOBA,Universitaria,589,Montería
1114,UNIVERSIDAD SURCOLOMBIANA,Universitaria,613,Neiva
1115,UNIVERSIDAD DE LA AMAZONIA,Universitaria,345,Florencia
1117,UNIVERSIDAD MILITAR-NUEVA GRANADA,Universitaria,111,Bogotá D.C.
1118,UNIVERSIDAD TECNOLOGICA DEL CHOCO-DIEGO LUIS CORDOBA,Universitaria,752,Quibdó
1119,UNIVERSIDAD DE LOS LLANOS,Universitaria,1097,Villavicencio
1121,UNIVERSIDAD-COLEGIO MAYOR DE CUNDINAMARCA,Universitaria,111,Bogotá D.C.
1122,UNIVERSIDAD DEL PACIFICO,Universitaria,124,Buenaventura
1123,UNIVERSIDAD POPULAR DEL CESAR,Universitaria,1066,Valledupar
1202,UNIVERSIDAD DEL ATLANTICO,Universitaria,724,Puerto Colombia
1203,UNIVERSIDAD DEL VALLE,Universitaria,153,Cali
1204,UNIVERSIDAD INDUSTRIAL DE SANTANDER,Universitaria,121,Bucaramanga
1205,UNIVERSIDAD DE CARTAGENA,Universitaria,177,Cartagena de Indias
1206,UNIVERSIDAD DE NARIÑO,Universitaria,671,Pasto
1207,UNIVERSIDAD DEL TOLIMA,Universitaria,435,Ibagué
1208,UNIVERSIDAD DEL QUINDIO,Universitaria,68,Armenia
1209,UNIVERSIDAD FRANCISCO DE PAULA SANTANDER,Universitaria,267,San José de Cúcuta
1212,UNIVERSIDAD DE PAMPLONA,Universitaria,662,Pamplona
1213,UNIVERSIDAD DEL MAGDALENA - UNIMAGDALENA,Universitaria,905,Santa Marta
1214,UNIVERSIDAD DE CUNDINAMARCA-UDEC,Universitaria,364,Fusagasugá
1217,UNIVERSIDAD DE SUCRE,Universitaria,942,Sincelejo
1218,UNIVERSIDAD DE LA GUAJIRA,Universitaria,776,Riohacha
1220,UNIVERSIDAD DE ANTIOQUIA,Universitaria,562,Medellín
1301,UNIVERSIDAD DISTRITAL-FRANCISCO JOSE DE CALDAS,Universitaria,111,Bogotá D.C.
1701,PONTIFICIA UNIVERSIDAD JAVERIANA,Universitaria,111,Bogotá D.C.
1703,UNIVERSIDAD INCCA DE COLOMBIA,Universitaria,111,Bogotá D.C.
1704,UNIVERSIDAD SANTO TOMAS,Universitaria,111,Bogotá D.C.
1706,UNIVERSIDAD EXTERNADO DE COLOMBIA,Universitaria,111,Bogotá D.C.
1707,FUNDACION UNIVERSIDAD DE BOGOTA - JORGE TADEO LOZANO,Universitaria,111,Bogotá D.C.
1709,UNIVERSIDAD CENTRAL,Universitaria,111,Bogotá D.C.
1710,UNIVERSIDAD PONTIFICIA BOLIVARIANA,Universitaria,562,Medellín
1711,UNIVERSIDAD DE LA SABANA,Universitaria,197,Chía
1712,UNIVERSIDAD EAFIT-,Universitaria,562,Medellín
1713,UNIVERSIDAD DEL NORTE,Universitaria,92,Barranquilla
1714,COLEGIO MAYOR DE NUESTRA SEÑORA DEL ROSARIO,Universitaria,111,Bogotá D.C.
1715,FUNDACION UNIVERSIDAD DE AMERICA,Universitaria,111,Bogotá D.C.
1716,UNIVERSIDAD DE SAN BUENAVENTURA,Universitaria,153,Cali
1719,UNIVERSIDAD CATOLICA DE COLOMBIA,Universitaria,111,Bogotá D.C.
1720,UNIVERSIDAD MARIANA,Universitaria,671,Pasto
1722,UNIVERSIDAD DE MANIZALES,Universitaria,547,Manizales
1725,FUNDACION UNIVERSIDAD AUTONOMA DE COLOMBIA -FUAC-,Universitaria,111,Bogotá D.C.
1726,UNIVERSIDAD CATOLICA DE ORIENTE -UCO,Universitaria,777,Rionegro
1728,UNIVERSIDAD SERGIO ARBOLEDA,Universitaria,111,Bogotá D.C.
1729,UNIVERSIDAD EL BOSQUE,Universitaria,111,Bogotá D.C.
1734,UNIVERSIDAD DE BOYACA UNIBOYACA,Universitaria,1038,Tunja
1735,UNIVERSIDAD MANUELA BELTRAN-UMB-,Universitaria,111,Bogotá D.C.
1801,UNIVERSIDAD LA GRAN COLOMBIA,Universitaria,111,Bogotá D.C.
1803,UNIVERSIDAD DE LA SALLE,Universitaria,111,Bogotá D.C.
1804,UNIVERSIDAD AUTONOMA DEL CARIBE- UNIAUTONOMA,Universitaria,92,Barranquilla
1805,UNIVERSIDAD SANTIAGO DE CALI,Universitaria,153,Cali
1806,UNIVERSIDAD LIBRE,Universitaria,111,Bogotá D.C.
1812,UNIVERSIDAD DE MEDELLIN,Universitaria,562,Medellín
1813,UNIVERSIDAD DE LOS ANDES,Universitaria,111,Bogotá D.C.
1814,UNIVERSIDAD AUTONOMA LATINOAMERICANA-UNAULA-,Universitaria,562,Medellín
1815,CORPORACION UNIVERSIDAD PILOTO DE COLOMBIA,Universitaria,111,Bogotá D.C.
1816,UNIVERSIDAD COOPERATIVA DE COLOMBIA,Universitaria,562,Medellín
1823,UNIVERSIDAD AUTONOMA DE BUCARAMANGA-UNAB-,Universitaria,121,Bucaramanga
1824,UNIVERSIDAD METROPOLITANA,Universitaria,92,Barranquilla
1825,UNIVERSIDAD AUTONOMA DE MANIZALES,Universitaria,547,Manizales
1826,UNIVERSIDAD ANTONIO NARIÑO,Universitaria,111,Bogotá D.C.
1827,UNIVERSIDAD CATOLICA DE MANIZALES,Universitaria,547,Manizales
1828,UNIVERSIDAD ICESI,Universitaria,153,Cali
1830,UNIVERSIDAD AUTONOMA DE OCCIDENTE,Universitaria,153,Cali
1831,UNIVERSIDAD DE IBAGUE,Universitaria,435,Ibagué
1832,UNIVERSIDAD TECNOLOGICA DE BOLIVAR,Universitaria,177,Cartagena de Indias
1833,UNIVERSIDAD DEL SINU - ELIAS BECHARA ZAINUM - UNISINU -,Universitaria,589,Montería
1835,UNIVERSIDAD DE CIENCIAS APLICADAS Y AMBIENTALES - UDCA,Universitaria,111,Bogotá D.C.
2102,UNIVERSIDAD NACIONAL ABIERTA Y A DISTANCIA UNAD,Universitaria,111,Bogotá D.C.
2104,ESCUELA SUPERIOR DE ADMINISTRACION PUBLICA-ESAP-,Mixta,111,Bogotá D.C.
2106,DIRECCION NACIONAL DE ESCUELAS,Mixta,111,Bogotá D.C.
2110,COLEGIO MAYOR DE ANTIOQUIA,Mixta,562,Medellín
2114,ESCUELA NACIONAL DEL DEPORTE,Mixta,153,Cali
2206,INSTITUTO DEPARTAMENTAL DE BELLAS ARTES,Mixta,153,Cali
2207,INSTITUTO UNIVERSITARIO DE LA PAZ,Mixta,88,Barrancabermeja
2208,CONSERVATORIO DEL TOLIMA,Mixta,435,Ibagué
2209,POLITECNICO COLOMBIANO JAIME ISAZA CADAVID,Mixta,562,Medellín
2211,INSTITUCION UNIVERSITARIA BELLAS ARTES Y CIENCIAS DE BOLIVAR,Mixta,177,Cartagena de Indias
2301,UNIDAD CENTRAL DEL VALLE DEL CAUCA,Mixta,1037,Tuluá
2302,INSTITUCION UNIVERSITARIA DE ENVIGADO,Mixta,337,Envigado
2701,INSTITUCION UNIVERSITARIA COLEGIOS DE COLOMBIA - UNICOC,Mixta,111,Bogotá D.C.
2702,FUNDACION UNIVERSITARIA DE CIENCIAS DE LA SALUD,Mixta,111,Bogotá D.C.
2704,COLEGIO DE ESTUDIOS SUPERIORES DE ADMINISTRACION-CESA-,Mixta,111,Bogotá D.C.
2707,FUNDACIÓN UNIVERSITARIA JUAN N. CORPAS,Mixta,111,Bogotá D.C.
2708,UNIVERSIDAD CES,Universitaria,562,Medellín
2709,FUNDACION UNIVERSITARIA SAN MARTIN,Mixta,111,Bogotá D.C.
2710,FUNDACION UNIVERSITARIA MONSERRATE -UNIMONSERRATE,Mixta,111,Bogotá D.C.
2711,UNIVERSIDAD CATOLICA DE PEREIRA,Universitaria,682,Pereira
2712,FUNDACION UNIVERSITARIA KONRAD LORENZ,Mixta,111,Bogotá D.C.
2713,FUNDACION UNIVERSITARIA LOS LIBERTADORES,Mixta,111,Bogotá D.C.
2715,FUNDACION UNIVERSITARIA DE POPAYAN,Mixta,703,Popayán
2719,UNIVERSIDAD CATÓLICA LUIS AMIGÓ,Universitaria,562,Medellín
2720,FUNDACION UNIVERSITARIA JUAN DE CASTELLANOS,Mixta,1038,Tunja
2721,FUNDACION UNIVERSITARIA MARIA CANO,Mixta,562,Medellín
2722,FUNDACION CENTRO UNIVERSITARIO DE BIENESTAR RURAL,Mixta,742,Puerto Tejada
2723,FUNDACION UNIVERSITARIA AGRARIA DE COLOMBIA -UNIAGRARIA-,Mixta,111,Bogotá D.C.
2724,FUNDACION UNIVERSITARIA DE SAN GIL - UNISANGIL -,Mixta,841,San Gil
2725,POLITECNICO GRANCOLOMBIANO,Mixta,111,Bogotá D.C.
2727,FUNDACION UNIVERSITARIA-CEIPA-,Mixta,795,Sabaneta
2728,FUNDACION UNIVERSITARIA DEL AREA ANDINA,Mixta,111,Bogotá D.C.
2730,FUNDACION ESCUELA COLOMBIANA DE REHABILITACION,Mixta,111,Bogotá D.C.
2731,FUNDACION UNIVERSITARIA CATOLICA LUMEN GENTIUM - UNICATÓLICA - CALI,Mixta,153,Cali
2732,FUNDACION UNIVERSITARIA CATOLICA DEL NORTE,Mixta,909,Santa Rosa de Osos
2733,FUNDACIÓN UNIVERSITARIA SAN ALFONSO- FUSA-,Mixta,111,Bogotá D.C.
2736,FUNDACION UNIVERSITARIA SEMINARIO BIBLICO DE COLOMBIA - FUSBC,Mixta,562,Medellín
2738,FUNDACION UNIVERSITARIA EMPRESARIAL DE LA CAMARA DE COMERCIO DE BOGOTA- UNIEMPRESARIAL,Mixta,111,Bogotá D.C.
2739,FUNDACION DE ESTUDIOS SUPERIORES UNIVERSITARIOS DE URABA ANTONIO ROLDAN BETANCUR,Mixta,48,Apartadó
2740,INSTITUCION UNIVERSITARIA COLOMBO AMERICANA - UNICA,Mixta,111,Bogotá D.C.
2741,FUNDACION DE ESTUDIOS SUPERIORES - MONSEÑOR ABRAHAM ESCUDERO MONTOYA  - FUNDES,Mixta,338,Espinal
2743,UNIVERSIDAD INTERNACIONAL DEL TRÓPICO AMERICANO,Universitaria,1112,Yopal
2744,UNIVERSIDAD CESMAG - UNICESMAG,Universitaria,671,Pasto
2745,FUNDACIÓN UNIVERSITARIA COMPENSAR,Mixta,111,Bogotá D.C.
2746,FUNDACION UNIVERSITARIA SANITAS,Mixta,111,Bogotá D.C.
2747,INSTITUCIÓN UNIVERSITARIA VISIÓN DE LAS AMÉRICAS,Mixta,562,Medellín
2748,FUNDACION UNIVERSITARIA SEMINARIO TEOLOGICO BAUTISTA INTERNACIONAL,Mixta,153,Cali
2749,INSTITUCION UNIVERSITARIA  SALAZAR Y HERRERA,Mixta,562,Medellín
2805,UNIVERSIDAD SIMON BOLIVAR,Universitaria,92,Barranquilla
2810,CORPORACION UNIVERSIDAD DE LA COSTA CUC,Universitaria,92,Barranquilla
2811,UNIVERSIDAD ESCUELA COLOMBIANA DE INGENIERIA JULIO GARAVITO,Universitaria,111,Bogotá D.C.
2812,UNIVERSIDAD EAN,Universitaria,111,Bogotá D.C.
2813,UNIVERSIDAD EIA,Universitaria,337,Envigado
2815,CORPORACION UNIVERSITARIA ADVENTISTA - UNAC,Mixta,562,Medellín
2818,CORPORACION UNIVERSITARIA DE SANTA ROSA DE CABAL-UNISARC-,Mixta,908,Santa Rosa de Cabal
2820,CORPORACION UNIVERSITARIA LASALLISTA,Mixta,150,Caldas
2822,"ESCUELA SUPERIOR DE OFTALMOLOGIA, INSTITUTO BARRAQUER DE AMERICA",Mixta,111,Bogotá D.C.
2823,CORPORACION UNIVERSITARIA DEL CARIBE - CECAR,Mixta,942,Sincelejo
2824,CORPORACION UNIVERSITARIA DE COLOMBIA IDEAS,Mixta,111,Bogotá D.C.
2825,CORPORACION UNIVERSITARIA RAFAEL NUÑEZ,Mixta,177,Cartagena de Indias
2827,CORPORACION UNIVERSITARIA DEL META - UNIMETA,Mixta,1097,Villavicencio
2828,CORPORACION UNIVERSITARIA DEL HUILA-CORHUILA-,Mixta,613,Neiva
2829,CORPORACION UNIVERSITARIA MINUTO DE DIOS -UNIMINUTO-,Mixta,111,Bogotá D.C.
2830,CORPORACION UNIVERSITARIA IBEROAMERICANA,Mixta,111,Bogotá D.C.
2831,CORPORACION UNIVERSITARIA DE CIENCIA Y DESARROLLO - UNICIENCIA,Mixta,111,Bogotá D.C.
2832,UNIVERSIDAD DE SANTANDER - UDES,Universitaria,121,Bucaramanga
2833,CORPORACION UNIVERSITARIA REMINGTON,Mixta,562,Medellín
2834,UNIVERSITARIA AGUSTINIANA- UNIAGUSTINIANA,Mixta,111,Bogotá D.C.
2836,CORPORACION UNIVERSITARIA EMPRESARIAL DE SALAMANCA,Mixta,92,Barranquilla
2837,CORPORACION UNIVERSITARIA REPUBLICANA,Mixta,111,Bogotá D.C.
2838,CORPORACION COLEGIATURA COLOMBIANA,Mixta,562,Medellín
2840,CORPORACION UNIVERSITARIA EMPRESARIAL ALEXANDER VON HUMBOLDT - CUE,Mixta,68,Armenia
2842,CORPORACION UNIVERSITARIA REFORMADA - CUR -,Mixta,92,Barranquilla
2847,UNIVERSIDAD DE INVESTIGACION Y DESARROLLO - UDI,Universitaria,121,Bucaramanga
2848,CORPORACION UNIVERSITARIA  UNITEC,Mixta,111,Bogotá D.C.
2849,CORPORACION UNIVERSITARIA AUTONOMA DEL CAUCA,Mixta,703,Popayán
2850,CORPORACION UNIVERSITARIA ANTONIO JOSE DE SUCRE - CORPOSUCRE,Mixta,942,Sincelejo
2901,ESCUELA DE INTELIGENCIA Y CONTRAINTELIGENCIA BRIGADIER GENERAL RICARDO CHARRY SOLANO,Mixta,111,Bogotá D.C.
2902,ESCUELA DE LOGISTICA,Mixta,111,Bogotá D.C.
2904,ESCUELA SUPERIOR DE GUERRA GENERAL RAFAEL REYES PRIETO,Mixta,111,Bogotá D.C.
2905,CENTRO DE EDUCACION MILITAR - CEMIL,Mixta,111,Bogotá D.C.
2906,ESCUELA DE POSTGRADOS DE LA FUERZA AEREA COLOMBIANA CAPITAN JOSE EDMUNDO SANDOVAL - EPFAC,Mixta,111,Bogotá D.C.
3102,INSTITUTO SUPERIOR DE EDUCACION RURAL-ISER-,Técnica o Tecnóloga,662,Pamplona
3103,INSTITUCIÓN UNIVERSITARIA MAYOR DE CARTAGENA,Mixta,177,Cartagena de Indias
3104,COLEGIO MAYOR DEL CAUCA,Mixta,703,Popayán
3107,INSTITUCIÓN UNIVERSITARIA PASCUAL BRAVO,Mixta,562,Medellín
3114,ESCUELA NAVAL DE SUBOFICIALES ARC BARRANQUILLA,Técnica o Tecnóloga,92,Barranquilla
3115,INSTITUTO TECNOLOGICO DEL PUTUMAYO,Técnica o Tecnóloga,577,Mocoa
3117,INSTITUCIÓN UNIVERSITARIA ITSA,Mixta,92,Barranquilla
3201,UNIDADES TECNOLOGICAS DE SANTANDER,Técnica o Tecnóloga,121,Bucaramanga
3204,TECNOLOGICO DE ANTIOQUIA,Mixta,562,Medellín
3301,INSTITUCION UNIVERSITARIA ANTONIO JOSE CAMACHO,Mixta,153,Cali
3302,INSTITUTO TECNOLOGICO METROPOLITANO,Mixta,562,Medellín
3303,ESCUELA SUPERIOR TECNOLOGICA DE ARTES DEBORA ARANGO,Técnica o Tecnóloga,337,Envigado
3702,FUNDACION TECNOLOGICA AUTONOMA DE BOGOTA-FABA-,Técnica o Tecnóloga,111,Bogotá D.C.
3703,INSTITUCION UNIVERSITARIA ESCOLME,Mixta,562,Medellín
3705,FUNDACION UNIVERSITARIA TECNOLOGICO COMFENALCO - CARTAGENA,Mixta,177,Cartagena de Indias
3706,"FUNDACION CENTRO COLOMBIANO DE ESTUDIOS PROFESIONALES, -F.C.E.C.E.P.",Técnica o Tecnóloga,153,Cali
3710,FUNDACION UNIVERSITARIA ANTONIO DE AREVALO - UNITECNAR,Mixta,177,Cartagena de Indias
3712,FUNDACION CENTRO DE INVESTIGACION DOCENCIA Y CONSULTORIA ADMINISTRATIVA-F-CIDCA-,Técnica o Tecnóloga,111,Bogotá D.C.
3713,FUNDACION UNIVERSITARIA PARA EL DESARROLLO HUMANO - UNINPAHU,Mixta,111,Bogotá D.C.
3715,FUNDACION TECNOLOGICA AUTONOMA DEL PACIFICO,Técnica o Tecnóloga,153,Cali
3716,TECNOLOGICA FITEC,Técnica o Tecnóloga,121,Bucaramanga
3718,FUNDACION DE ESTUDIOS SUPERIORES COMFANORTE -F.E.S.C.-,Técnica o Tecnóloga,267,San José de Cúcuta
3719,INSTITUCION UNIVERSITARIA LATINA - UNILATINA,Mixta,111,Bogotá D.C.
3720,FUNDACION UNIVERSITARIA ESUMER,Mixta,562,Medellín
3724,FUNDACION TECNOLOGICA DE MADRID,Técnica o Tecnóloga,534,Madrid
3725,FUNDACION TECNOLOGICA ALBERTO MERANI,Técnica o Tecnóloga,111,Bogotá D.C.
3801,CORPORACION DE ESTUDIOS TECNOLOGICOS DEL NORTE DEL VALLE,Técnica o Tecnóloga,179,Cartago
3802,CENTRO EDUCACIONAL DE COMPUTOS Y SISTEMAS-CEDESISTEMAS-,Técnica o Tecnóloga,562,Medellín
3803,CORPORACION UNIVERSITARIA CENTRO SUPERIOR - UNICUCES,Mixta,153,Cali
3806,CORPORACION ESCUELA SUPERIOR DE ADMINISTRACION Y ESTUDIOS TECNOLOGICOS- EAE,Técnica o Tecnóloga,153,Cali
3807,ESCUELA DE TECNOLOGIAS DE ANTIOQUIA -ETA-,Técnica o Tecnóloga,562,Medellín
3808,CORPORACION TECNOLOGICA DE BOGOTA - CTB,Técnica o Tecnóloga,111,Bogotá D.C.
3809,INSTITUTO SUPERIOR DE CIENCIAS SOCIALES Y ECONOMICO FAMILIARES-ICSEF-,Técnica o Tecnóloga,111,Bogotá D.C.
3810,CORPORACION EDUCATIVA -ITAE-,Técnica o Tecnóloga,121,Bucaramanga
3811,CORPORACION DE EDUCACION DEL NORTE DEL TOLIMA - COREDUCACION,Técnica o Tecnóloga,434,Honda
3812,INSTITUCION UNIVERSITARIA MARCO FIDEL SUAREZ - IUMAFIS,Mixta,100,Bello
3817,CORPORACION UNIVERSITARIA AUTONOMA DE NARIÑO -AUNAR-,Mixta,671,Pasto
3819,CORPORACION TECNOLOGICA INDUSTRIAL COLOMBIANA - TEINCO,Técnica o Tecnóloga,111,Bogotá D.C.
3820,CORPORACION ACADEMIA TECNOLOGICA DE COLOMBIA -ATEC-,Técnica o Tecnóloga,562,Medellín
3821,CORPORACION POLITECNICO DE LA COSTA ATLANTICA,Técnica o Tecnóloga,92,Barranquilla
3822,POLITECNICO ICAFT,Técnica o Tecnóloga,111,Bogotá D.C.
3824,CENTRO DE CONOCIMIENTO ALEJANDRÍA - ALEJANDRÍA,Técnica o Tecnóloga,111,Bogotá D.C.
3826,CORPORACION INTERNACIONAL PARA EL DESARROLLO EDUCATIVO -CIDE-,Técnica o Tecnóloga,111,Bogotá D.C.
3827,POLITECNICO SANTAFE DE BOGOTA,Técnica o Tecnóloga,111,Bogotá D.C.
3828,CORPORACIÓN TECNOLÓGICA DE EDUCACIÓN SUPERIOR SAPIENZA -CTE-,Técnica o Tecnóloga,111,Bogotá D.C.
3829,CORPORACIÓN JOHN F. KENNEDY,Técnica o Tecnóloga,111,Bogotá D.C.
3830,CORPORACION UNIVERSAL DE INVESTIGACION Y TECNOLOGIA -CORUNIVERSITEC-,Técnica o Tecnóloga,111,Bogotá D.C.
3831,CORPORACION UNIVERSITARIA COMFACAUCA - UNICOMFACAUCA,Mixta,703,Popayán
3834,CORPORACION TECNOLOGICA CATOLICA DE OCCIDENTE - TECOC -,Técnica o Tecnóloga,915,Santafé de Antioquia
3901,ESCUELA DE FORMACION DE INFANTERIA DE MARINA,Técnica o Tecnóloga,259,Coveñas
3902,ESCUELA  MILITAR DE SUBOFICIALES SARGENTO INOCENCIO CHINCA,Técnica o Tecnóloga,615,Nilo
4101,INSTITUTO DE EDUCACION TECNICA PROFESIONAL DE ROLDANILLO,Técnica o Tecnóloga,784,Roldanillo
4102,INSTITUTO NACIONAL DE FORMACION TECNICA PROFESIONAL DE SAN JUAN DEL CESAR,Técnica o Tecnóloga,858,San Juan del Cesar
4106,INSTITUTO NACIONAL DE FORMACION TECNICA PROFESIONAL DE SAN ANDRES,Técnica o Tecnóloga,813,San Andrés
4107,INSTITUTO TECNICO AGRICOLA ITA,Técnica o Tecnóloga,397,Guadalajara de Buga
4108,ESCUELA TECNOLOGICA INSTITUTO TECNICO CENTRAL,Mixta,111,Bogotá D.C.
4109,INSTITUTO TECNICO NACIONAL DE COMERCIO SIMON RODRIGUEZ - INTENALCO,Técnica o Tecnóloga,153,Cali
4110,INSTITUTO TOLIMENSE DE FORMACION TECNICA PROFESIONAL,Técnica o Tecnóloga,338,Espinal
4111,INSTITUTO NACIONAL DE FORMACION TECNICA PROFESIONAL - HUMBERTO VELASQUEZ GARCIA,Técnica o Tecnóloga,221,Ciénaga
4112,COLEGIO INTEGRADO NACIONAL ORIENTE DE CALDAS - IES CINOC,Técnica o Tecnóloga,679,Pensilvania
4301,UNIDAD TECNICA PROFESIONAL DE SEVILLA-UNITEPS-,Técnica o Tecnóloga,932,Sevilla
4701,FUNDACION ACADEMIA DE DIBUJO PROFESIONAL,Técnica o Tecnóloga,153,Cali
4702,FUNDACION DE EDUCACION SUPERIOR SAN JOSE -FESSANJOSE-,Técnica o Tecnóloga,111,Bogotá D.C.
4704,FUNDACION PARA LA EDUCACION SUPERIOR REAL DE COLOMBIA,Técnica o Tecnóloga,111,Bogotá D.C.
4705,"FUNDACION CENTRO DE EDUCACION SUPERIOR,INVESTIGACION Y PROFESIONALIZACION -CEDINPRO-",Técnica o Tecnóloga,111,Bogotá D.C.
4708,FUNDACION ESCUELA COLOMBIANA DE HOTELERIA Y TURISMO-ECOTET-,Técnica o Tecnóloga,111,Bogotá D.C.
4709,INSTITUCION UNIVERSITARIA EAM,Mixta,68,Armenia
4710,FUNDACIÓN POLITÉCNICO MINUTO DE DIOS - TEC MD,Técnica o Tecnóloga,111,Bogotá D.C.
4714,FUNDACION INTERAMERICANA TECNICA-FIT-,Técnica o Tecnóloga,111,Bogotá D.C.
4719,FUNDACION DE EDUCACION SUPERIOR NUEVA AMERICA,Técnica o Tecnóloga,111,Bogotá D.C.
4721,FUNDACION UNIVERSITARIA HORIZONTE,Mixta,111,Bogotá D.C.
4726,FUNDACION UNIVERSITARIA SAN MATEO - SAN MATEO EDUCACION SUPERIOR,Mixta,111,Bogotá D.C.
4727,POLITECNICO INTERNACIONAL INSTITUCION DE EDUCACION SUPERIOR,Técnica o Tecnóloga,111,Bogotá D.C.
4801,CORPORACION ACADEMIA SUPERIOR DE ARTES,Técnica o Tecnóloga,562,Medellín
4803,CORPORACION POLITECNICO COLOMBO ANDINO,Técnica o Tecnóloga,111,Bogotá D.C.
4805,CORPORACION TECNICA DE COLOMBIA -CORPOTEC-,Técnica o Tecnóloga,111,Bogotá D.C.
4806,CORPORACION CENTRO DE ESTUDIOS ARTISTICOS Y TECNICOS-CEART-,Técnica o Tecnóloga,111,Bogotá D.C.
4808,CORPORACION REGIONAL DE EDUCACION SUPERIOR-CRES-DE CALI,Técnica o Tecnóloga,153,Cali
4810,CORPORACION UNIVERSITARIA CENDA,Mixta,111,Bogotá D.C.
4811,CORPORACION DE ESTUDIOS SUPERIORES SALAMANDRA,Técnica o Tecnóloga,153,Cali
4812,CORPORACION DE EDUCACION SUPERIOR SURAMERICA,Técnica o Tecnóloga,111,Bogotá D.C.
4813,CORPORACION UNIFICADA NACIONAL DE EDUCACION SUPERIOR-CUN-,Mixta,111,Bogotá D.C.
4817,CORPORACION EDUCATIVA DEL LITORAL,Técnica o Tecnóloga,92,Barranquilla
4818,CORPORACION UNIVERSITARIA LATINOAMERICANA - CUL,Mixta,92,Barranquilla
4822,CORPORACION ESCUELA DE ARTES Y LETRAS,Mixta,111,Bogotá D.C.
4825,CORPORACION INSTITUTO DE ADMINISTRACION Y FINANZAS - CIAF,Técnica o Tecnóloga,682,Pereira
4826,CORPORACION UNIVERSITARIA REGIONAL DEL CARIBE -IAFIC-,Mixta,177,Cartagena de Indias
4827,"CORPORACION EDUCATIVA INSTITUTO TECNICO SUPERIOR DE ARTES, IDEARTES",Técnica o Tecnóloga,562,Medellín
4829,CORPORACION INTERAMERICANA DE EDUCACION SUPERIOR-CORPOCIDES,Técnica o Tecnóloga,121,Bucaramanga
4832,CORPORACION INSTITUTO SUPERIOR DE EDUCACION SOCIAL-ISES-,Técnica o Tecnóloga,111,Bogotá D.C.
4835,CORPORACION UNIVERSITARIA TALLER CINCO CENTRO DE DISEÑO,Mixta,111,Bogotá D.C.
4837,"CORPORACION UNIVERSITARIA DE CIENCIAS EMPRESARIALES, EDUCACION Y SALUD -UNICORSALUD-",Mixta,92,Barranquilla
5801,CORPORACION ESCUELA TECNOLOGICA DEL ORIENTE,Mixta,121,Bucaramanga
5802,UNIVERSIDAD ECCI,Universitaria,111,Bogotá D.C.
9102,ESCUELA DE SUBOFICIALES DE LA FUERZA AEREA COLOMBIANA ANDRES M. DIAZ,Técnica o Tecnóloga,534,Madrid
9103,ESCUELA MILITAR DE AVIACION MARCO FIDEL SUAREZ,Mixta,153,Cali
9104,ESCUELA MILITAR DE CADETES GENERAL JOSE MARIA CORDOVA,Mixta,111,Bogotá D.C.
9105,ESCUELA NAVAL DE CADETES ALMIRANTE PADILLA,Universitaria,177,Cartagena de Indias
9107,ESCUELA DE INGENIEROS MILITARES,Mixta,111,Bogotá D.C.
9108,INSTITUTO CARO Y CUERVO,Mixta,111,Bogotá D.C.
9110,SERVICIO NACIONAL DE APRENDIZAJE-SENA-,SENA,111,Bogotá D.C.
9116,FUNDACION UNIVERSITARIA CLARETIANA - UNICLARETIANA,Mixta,752,Quibdó
9117,ESCUELA INTERNACIONAL DE ESTUDIOS SUPERIORES - INTER,Técnica o Tecnóloga,111,Bogotá D.C.
9119,CORPORACION UNIVERSITARIA AMERICANA,Mixta,92,Barranquilla
9120,FUNDACION UNIVERSITARIA BELLAS ARTES,Mixta,562,Medellín
9121,FUNDACION UNIVERSITARIA COLOMBO INTERNACIONAL - UNICOLOMBO,Mixta,177,Cartagena de Indias
9124,TECNOLOGICO COREDI,Técnica o Tecnóloga,554,Marinilla
9126,CORPORACION TECNOLOGICA INDOAMERICA,Técnica o Tecnóloga,92,Barranquilla
9127,CORPORACION UNIVERSITARIA DE SABANETA - UNISABANETA,Mixta,795,Sabaneta
9128,LCI - FUNDACION TECNOLOGICA,Técnica o Tecnóloga,111,Bogotá D.C.
9129,FUNDACION UNIVERSITARIA CAFAM -UNICAFAM,Mixta,111,Bogotá D.C.
9131,FUNDACIÓN UNIVERSITARIA CERVANTES SAN AGUSTÍN - UNICERVANTES,Mixta,111,Bogotá D.C.
9132,FUNDACION UNIVERSITARIA CIEO - UNICIEO,Mixta,111,Bogotá D.C.
9899,INSTITUCION UNIVERSITARIA DE COLOMBIA - UNIVERSITARIA DE COLOMBIA,Mixta,111,Bogotá D.C.
9900,CORPORACION UNIVERSITARIA U DE COLOMBIA,Mixta,562,Medellín
9902,FUNDACION UNIVERSITARIA COMFENALCO SANTANDER,Mixta,121,Bucaramanga
9903,CORPORACIÓN COLSUBSIDIO EDUCACIÓN TECNOLÓGICA - CET,Técnica o Tecnóloga,111,Bogotá D.C.
9904,FUNDACION UNIVERSITARIA COLOMBO GERMANA,Mixta,111,Bogotá D.C.
9905,FUNDACION ESCUELA TECNOLOGICA DE NEIVA - JESUS OVIEDO PEREZ -FET,Mixta,783,Rivera
9906,CORPORACION UNIVERSITARIA PARA EL DESARROLLO EMPRESARIAL Y SOCIAL- CUDES,Mixta,153,Cali
9907,FUNDACION UNIVERSITARIA NAVARRA - UNINAVARRA,Mixta,613,Neiva
9910,FUNDACION UNIVERSITARIA LUIS G. PAEZ - UNIPAEZ,Mixta,111,Bogotá D.C.
9913,CORPORACION UNIVERSITARIA DE ASTURIAS,Mixta,111,Bogotá D.C.
9914,"ESEIT - ESCUELA SUPERIOR DE EMPRESA, INGENIERÍA Y TECNOLOGÍA",Mixta,111,Bogotá D.C.
9915,UNIVERSITARIA VIRTUAL INTERNACIONAL,Mixta,111,Bogotá D.C.
9918,INSTITUCION UNIVERSITARIA CONOCIMIENTO E INNOVACION PARA LA JUSTICIA - CIJ,Mixta,256,Cota
9919,TECNOLOGICO DE ENERGIA E INNOVACION-  E-LERNOVA,Técnica o Tecnóloga,197,Chía
9921,FUNDACION UNIVERSITARIA CATOLICA DEL SUR - UNICATOLICA DEL SUR,Mixta,671,Pasto
9922,FUNDACION UNIVERSITARIA COMFAMILIAR RISARALDA,Mixta,682,Pereira
9923,CORPORACION UNIVERSITARIA DE CATALUÑA,Mixta,111,Bogotá D.C.
9924,FUNDACION UNIVERSITARIA INTERNACIONAL DE COLOMBIA - UNINCOL,Mixta,111,Bogotá D.C.
9925,FUNDACION UNIVERSITARIA FCV,Mixta,350,Floridablanca
9926,FUNDACION UNIVERSITARIA INTERNACIONAL DE LA RIOJA - UNIR,Mixta,111,Bogotá D.C.
9927,INSTITUCION UNIVERSITARIA DIGITAL DE ANTIOQUIA -IU. DIGITAL,Mixta,562,Medellín
9928,FUNDACIÓN UNIVERSITARIA SALESIANA,Mixta,111,Bogotá D.C.
9929,UNIVERSIDAD AUTÓNOMA INDÍGENA INTERCULTURAL - UAIIN,Universitaria,703,Popayán
9930,INSTITUCIÓN UNIVERSITARIA COMANDO DE EDUCACIÓN Y DOCTRINA - CEDOC DEL EJÉRCITO NACIONAL,Mixta,111,Bogotá D.C.
9931,FUNDACIÓN UNIVERSITARIA PATRICIO SYMES,Mixta,111,Bogotá D.C.
9932,FUNDACIÓN UNIVERSITARIA SAN PABLO - UNISANPABLO,Mixta,111,Bogotá D.C.
9934,CENTRO DE ESTUDIOS AERONÁUTICOS - CEA,Mixta,111,Bogotá D.C.
9935,UNIDAD TECNOLÓGICA DEL MAGDALENA MEDIO - UTEM -,Técnica o Tecnóloga,88,Barrancabermeja
9936,CORPORACIÓN UNIVERSITARIA AUTÓNOMA DEL NORTE,Mixta,267,San José de Cúcuta
9937,CORPORACION TECNICA PROFESIONAL CAMINOS DEL SUROCCIDENTE COLOMBIANO,Técnica o Tecnóloga,1013,Timbío
9938,UNIVERSITARIA DEL CHICAMOCHA,Mixta,121,Bucaramanga
9939,FUNDACIÓN UNIVERSITARIA CATÓLICA DEL CARIBE,Mixta,92,Barranquilla
